faction,gen,unit,unknown,unknown,prize,attack,factionunits,damage,ap,bonusInf,bonusCav,defense,morale,charge,armour,unitclass,health
rom_carthage,False,Afr_Elephants,True,True,1400,54,1,60,30,0,0,21,55,24,30,elph,200
rom_carthage,False,Afr_War_Elephants,True,True,1600,64,1,60,30,0,0,24,65,44,30,elph,200
rom_carthage,True,Afr_War_Elephants,True,True,1600,64,1,60,30,0,0,24,65,44,30,elph,200
rom_carthage,False,Car_African_Pike,True,True,700,39,1,24,4,0,0,30,55,10,70,inf_pik,55
rom_carthage,False,Car_Ballista,True,False,1560,9,1,24,4,0,0,14,40,6,10,art_fld,45
rom_carthage,False,Car_Cav,True,True,610,41,1,25,5,0,15,34,55,34,65,cav_mel,75
rom_carthage,False,Car_Cheiroballistra,True,True,520,9,1,24,4,0,0,14,40,6,10,art_fld,45
rom_carthage,True,Car_General,True,True,460,23,1,29,5,0,15,56,55,20,90,com,95
rom_carthage,False,Car_Giant_Ballista,True,False,730,9,1,24,4,0,0,14,40,6,10,art_fix,45
rom_carthage,False,Car_Hoplites,True,True,620,36,1,29,5,0,20,51,55,20,80,inf_spr,60
rom_carthage,False,Car_Large_Onager,True,False,1790,9,1,24,4,0,0,14,40,6,10,art_fld,45
rom_carthage,False,Car_Late_Hoplites,True,True,650,36,1,29,5,0,20,51,55,20,85,inf_spr,60
rom_carthage,False,Car_Late_Libyan_Hoplites,True,True,300,24,1,20,5,0,30,43,45,20,80,inf_spr,50
rom_carthage,False,Car_Libyan_Hoplites,True,True,270,24,1,20,5,0,30,43,45,20,55,inf_spr,50
rom_carthage,False,Car_Libyan_Infantry,True,True,720,41,1,38,8,0,0,51,55,18,75,inf_mel,60
rom_carthage,False,Car_Libyan_Javelin,True,True,330,8,1,24,4,0,0,37,25,3,15,inf_mis,45
rom_carthage,False,Car_Libyan_Peltasts,True,True,440,26,1,24,4,0,0,44,40,10,65,inf_mis,50
rom_carthage,False,Car_Noble_Cav,True,True,1020,34,1,25,11,0,10,12,65,57,60,cav_shk,100
rom_carthage,True,Car_Noble_Cav,True,True,1020,34,1,25,11,0,10,12,65,57,60,cav_shk,100
rom_carthage,False,Car_Onager,True,False,1580,9,1,24,4,0,0,14,40,6,10,art_fld,45
rom_carthage,False,Car_Polybolos,True,True,620,9,1,24,4,0,0,14,40,7,10,art_fix,45
rom_carthage,False,Car_Sacred_Band,True,True,1170,42,1,29,5,0,20,59,70,22,105,inf_spr,65
rom_carthage,False,Car_Snake_Pot_Ballista,True,False,1560,9,1,24,4,0,0,14,40,6,10,art_fld,45
rom_carthage,False,Mer_Cel_Light_Horse,True,True,450,42,1,27,7,0,10,56,45,39,15,cav_mel,75
rom_carthage,False,Mer_Gal_Warriors,True,True,350,25,1,40,4,0,0,58,45,20,45,inf_mel,50
rom_carthage,False,Mer_Gre_Cretan_Archers,True,True,600,12,1,24,4,0,0,24,55,6,40,inf_mis,55
rom_carthage,False,Mer_Ibe_Balearic_Slingers,True,True,560,10,1,24,4,0,0,38,45,4,25,inf_mis,50
rom_carthage,False,Mer_Ibe_Cav,True,True,500,50,1,39,5,0,0,50,40,31,15,cav_mel,75
rom_carthage,False,Mer_Ibe_Noble_Fighters,True,True,1380,56,1,41,5,0,0,62,70,38,75,inf_mel,65
rom_carthage,False,Mer_Ibe_Scutarii_Cav,True,True,680,42,1,25,5,0,15,44,55,37,55,cav_mel,80
rom_carthage,False,Mer_Ibe_Scutarii,True,True,620,42,1,35,5,0,0,60,50,21,60,inf_mel,55
rom_carthage,False,Mer_Ibe_Sword,True,True,320,35,1,35,5,0,0,60,40,20,15,inf_mel,50
rom_carthage,False,Mer_Ita_Campanian_Cavalry,True,True,1290,69,1,41,5,0,0,30,70,33,90,cav_mel,100
rom_carthage,False,Mer_Ita_Samnite_Warriors,True,True,760,36,1,34,4,0,0,55,55,25,95,inf_mel,65
rom_carthage,False,Mer_Ita_Sword,True,True,400,34,1,35,5,0,0,45,45,10,60,inf_mel,50
rom_carthage,False,Mer_Num_Cav,True,True,550,18,1,24,4,0,0,39,55,10,15,cav_mis,75
rom_carthage,False,Mer_Num_Noble_Cav,True,True,1180,65,1,38,8,0,0,44,70,30,45,cav_mis,90
rom_ptolemaics,False,Afr_Elephants,True,True,1400,54,2,60,30,0,0,21,55,24,30,elph,200
rom_ptolemaics,False,Afr_War_Elephants,True,True,1600,64,2,60,30,0,0,24,65,44,30,elph,200
rom_ptolemaics,True,Afr_War_Elephants,True,True,1600,64,2,60,30,0,0,24,65,44,30,elph,200
rom_ptolemaics,False,Ara_Camel_Archers,True,True,450,8,2,24,4,0,0,12,25,3,10,cav_mis,85
rom_ptolemaics,False,Ara_Camel_Spear,True,True,420,28,2,25,5,0,15,50,25,25,15,cav_mel,85
rom_ptolemaics,False,Egy_Archers,True,True,280,8,2,24,4,0,0,12,25,3,10,inf_mis,45
rom_ptolemaics,False,Egy_Cav,True,True,420,37,2,25,5,0,15,31,40,29,50,cav_mel,70
rom_ptolemaics,False,Egy_Galatian_Royal_Guard,True,True,1380,50,2,45,5,0,0,69,70,32,75,inf_mel,65
rom_ptolemaics,False,Egy_Galatian_Sword,True,True,470,32,2,40,4,0,0,52,50,28,35,inf_mel,50
rom_ptolemaics,False,Egy_Infantry,True,True,200,14,2,24,4,0,0,39,30,8,55,inf_mel,45
rom_ptolemaics,False,Egy_Javelinmen,True,True,340,8,2,24,4,0,0,37,25,3,15,inf_mis,45
rom_ptolemaics,False,Egy_Karian_Axemen,True,True,400,28,2,26,10,0,0,37,40,14,45,inf_mel,55
rom_ptolemaics,True,Egy_Karian_Axemen,True,True,400,28,2,26,10,0,0,37,40,14,45,inf_mel,55
rom_ptolemaics,False,Egy_Nubian_Bowmen,True,True,330,9,2,24,4,0,0,13,35,4,10,inf_mis,50
rom_ptolemaics,False,Egy_Nubian_Spear,True,True,380,25,2,25,5,0,20,53,50,24,45,inf_spr,55
rom_ptolemaics,False,Egy_Pike,True,True,430,30,2,20,4,0,0,20,30,4,50,inf_pik,50
rom_ptolemaics,False,Egy_Slingers,True,True,270,8,2,24,4,0,0,22,25,3,20,inf_mis,45
rom_ptolemaics,False,Egy_Sobek_Cultists,True,True,550,36,2,38,8,0,0,61,60,22,55,inf_mel,55
rom_ptolemaics,False,Gre_Ballista,True,False,1560,9,2,24,4,0,0,14,40,6,10,art_fld,45
rom_ptolemaics,False,Gre_Cheiroballistra,True,True,520,9,2,24,4,0,0,14,35,6,10,art_fld,45
rom_ptolemaics,False,Gre_Citizen_Cav,True,True,540,37,2,26,6,0,10,28,45,28,70,cav_mel,75
rom_ptolemaics,False,Gre_Giant_Ballista,True,False,730,9,2,24,4,0,0,14,40,6,10,art_fix,45
rom_ptolemaics,False,Gre_Large_Onager,True,False,1790,9,2,24,4,0,0,14,40,6,10,art_fld,45
rom_ptolemaics,False,Gre_Levy_Thureos_Spears,True,True,380,19,2,25,5,0,20,47,40,21,45,inf_spr,45
rom_ptolemaics,False,Gre_Light_Cav,True,True,440,38,2,25,5,0,15,50,40,29,35,cav_mel,75
rom_ptolemaics,False,Gre_Light_Peltasts,True,True,460,18,2,24,4,0,0,40,50,10,40,inf_mis,50
rom_ptolemaics,False,Gre_Onager,True,False,1580,9,2,24,4,0,0,14,40,6,10,art_fld,45
rom_ptolemaics,False,Gre_Peltasts,True,True,420,18,2,24,4,0,0,40,35,10,65,inf_mis,50
rom_ptolemaics,False,Gre_Pike,True,True,600,34,2,24,4,0,0,30,45,7,65,inf_pik,55
rom_ptolemaics,False,Gre_Ptolemaic_Cav,True,True,1320,55,2,25,11,0,10,22,70,63,60,cav_shk,100
rom_ptolemaics,True,Gre_Ptolemaic_Cav,True,True,1320,55,2,25,11,0,10,22,70,63,60,cav_shk,100
rom_ptolemaics,False,Gre_Royal_Guard,True,True,1260,47,2,28,4,0,0,45,70,13,90,inf_pik,60
rom_ptolemaics,True,Gre_Royal_Guard,True,True,1260,47,2,28,4,0,0,45,70,13,90,inf_pik,60
rom_ptolemaics,False,Gre_Royal_Peltasts,True,True,1280,62,2,38,8,0,0,49,70,21,80,inf_mel,60
rom_ptolemaics,True,Gre_Royal_Peltasts,True,True,1280,62,2,38,8,0,0,49,70,21,80,inf_mel,60
rom_ptolemaics,False,Gre_Royal_Thorax_Sword,True,True,1270,46,2,40,4,0,0,64,70,27,80,inf_mel,65
rom_ptolemaics,True,Gre_Royal_Thorax_Sword,True,True,1270,46,2,40,4,0,0,64,70,27,80,inf_mel,65
rom_ptolemaics,False,Gre_Scythed_Chariots,True,True,1380,54,2,35,5,0,0,29,65,45,90,chariot,105
rom_ptolemaics,False,Gre_Skirm_Cav,True,True,340,9,2,24,4,0,0,38,35,4,15,cav_mis,70
rom_ptolemaics,False,Gre_Tarantine_Cav,True,True,560,18,2,24,4,0,0,36,50,11,60,cav_mis,80
rom_ptolemaics,False,Gre_Thorax_Pike,True,True,740,40,2,24,4,0,0,40,55,9,70,inf_pik,55
rom_ptolemaics,False,Gre_Thorax_Sword,True,True,710,38,2,34,4,0,0,57,55,18,75,inf_mel,60
rom_ptolemaics,False,Gre_Thureos_Spears,True,True,540,24,2,25,5,0,20,55,50,26,70,inf_spr,50
rom_ptolemaics,False,Mer_Egy_Leopard_Warriors,True,True,620,30,2,25,5,0,20,55,65,30,45,inf_spr,55
rom_ptolemaics,False,Mer_Gre_Cretan_Archers,True,True,600,12,2,24,4,0,0,24,55,6,40,inf_mis,55
rom_ptolemaics,False,Mer_Gre_Rhodian_Slingers,True,True,600,12,2,24,4,0,0,24,55,6,20,inf_mis,55
rom_ptolemaics,False,Mer_Kushite_Shieldwomen,True,True,490,27,2,25,5,0,20,47,60,20,45,inf_spr,50
rom_parthia,False,Ara_Camel_Archers,True,True,450,8,3,24,4,0,0,12,25,3,10,cav_mis,85
rom_parthia,False,Ara_Camel_Spear,True,True,420,28,3,25,5,0,15,50,25,25,15,cav_mel,85
rom_parthia,False,Eas_Armour_Horse_Archers,True,True,640,36,3,24,4,0,0,13,45,14,40,cav_mis,80
rom_parthia,False,Eas_Ballista,True,False,1560,9,3,24,4,0,0,14,35,6,10,art_fld,45
rom_parthia,False,Eas_Camel_Cataphracts,True,True,1160,44,3,25,11,0,10,19,65,71,90,cav_shk,100
rom_parthia,False,Eas_Cataphracts,True,True,1060,40,3,25,11,0,10,17,60,67,90,cav_shk,115
rom_parthia,False,Eas_Cheiroballistra,True,True,520,9,3,24,4,0,0,14,35,6,10,art_fld,45
rom_parthia,False,Eas_Elite_Persian_Archers,True,True,530,28,3,20,5,0,30,32,40,18,10,inf_mis,50
rom_parthia,False,Eas_Giant_Ballista,True,False,730,9,3,24,4,0,0,14,35,6,10,art_fix,45
rom_parthia,False,Eas_Hillmen,True,True,220,25,3,26,10,0,0,36,35,12,15,inf_mel,45
rom_parthia,False,Eas_Horse_Skirm,True,True,390,9,3,24,4,0,0,38,30,4,15,cav_mis,70
rom_parthia,False,Eas_Javelinmen,True,True,370,8,3,24,4,0,0,37,20,3,15,inf_mis,45
rom_parthia,False,Eas_Large_Onager,True,False,1780,9,3,24,4,0,0,14,35,7,10,art_fld,45
rom_parthia,False,Eas_Median_Cav,True,True,620,40,3,25,5,0,15,35,50,34,70,cav_mel,80
rom_parthia,False,Eas_Noble_Blood_Cav,True,True,750,46,3,25,5,0,15,35,55,34,70,cav_mel,90
rom_parthia,False,Eas_Noble_Horse_Archers,True,True,880,39,3,34,4,0,0,19,55,22,90,cav_mis,95
rom_parthia,True,Eas_Noble_Horse_Archers,True,True,880,39,3,34,4,0,0,19,55,22,90,cav_mis,95
rom_parthia,False,Eas_Onager,True,False,1580,9,3,24,4,0,0,14,35,6,10,art_fld,45
rom_parthia,False,Eas_Par_Sword,True,True,730,36,3,34,4,0,0,59,60,19,75,inf_mel,55
rom_parthia,False,Eas_Parthian_Foot_Archers,True,True,400,9,3,24,4,0,0,13,30,4,10,inf_mis,50
rom_parthia,False,Eas_Parthian_Horse_Archers,True,True,430,10,3,24,4,0,0,13,40,4,10,cav_mis,75
rom_parthia,False,Eas_Persian_Hoplites,True,True,440,22,3,25,5,0,20,49,40,20,75,inf_spr,50
rom_parthia,False,Eas_Persian_Light_Archers,True,True,360,9,3,24,4,0,0,13,30,4,10,inf_mis,50
rom_parthia,False,Eas_Royal_Cataphracts,True,True,1450,50,3,27,12,0,10,23,65,76,110,cav_shk,120
rom_parthia,True,Eas_Royal_Cataphracts,True,True,1450,50,3,27,12,0,10,23,65,76,110,cav_shk,120
rom_parthia,False,Eas_Scorpion_Pot_Ballista,True,False,1560,9,3,24,4,0,0,14,35,6,10,art_fld,45
rom_parthia,False,Eas_Slingers,True,True,380,8,3,24,4,0,0,37,20,3,15,inf_mis,45
rom_parthia,False,Eas_Spear,True,True,180,13,3,25,5,0,20,34,25,11,45,inf_spr,45
rom_parthia,False,Ind_War_Elephants,True,True,1500,34,3,60,30,0,0,20,40,28,30,elph,200
rom_parthia,False,Mer_Gre_Hoplites,True,True,650,34,3,26,6,0,15,57,55,21,75,inf_spr,60
rom_parthia,False,Mer_Gre_Peltasts,True,True,420,18,3,24,4,0,0,40,35,10,65,inf_mis,50
rom_parthia,False,Mer_Sar_Horse_Archers,True,True,360,9,3,24,4,0,0,13,30,4,10,cav_mis,70
rom_parthia,False,Mer_Sar_Lancers,True,True,340,34,3,25,11,0,10,16,35,51,10,cav_shk,70
rom_seleucid,False,Ara_Camel_Archers,True,True,450,8,4,24,4,0,0,12,25,3,10,cav_mis,85
rom_seleucid,False,Ara_Camel_Spear,True,True,420,28,4,25,5,0,15,50,25,25,15,cav_mel,85
rom_seleucid,False,Eas_Azat_Knights,True,True,1300,51,4,29,5,0,15,55,60,40,70,cav_mel,105
rom_seleucid,False,Eas_Hillmen,True,True,220,25,4,26,10,0,0,36,35,12,15,inf_mel,45
rom_seleucid,False,Eas_Horse_Skirm,True,True,390,9,4,24,4,0,0,38,30,4,15,cav_mis,70
rom_seleucid,False,Eas_Javelinmen,True,True,370,8,4,24,4,0,0,37,20,3,15,inf_mis,45
rom_seleucid,False,Eas_Median_Cav,True,True,620,40,4,25,5,0,15,35,50,34,70,cav_mel,80
rom_seleucid,False,Eas_Persian_Hoplites,True,True,440,22,4,25,5,0,20,49,40,20,75,inf_spr,50
rom_seleucid,False,Eas_Persian_Light_Archers,True,True,360,9,4,24,4,0,0,13,30,4,10,inf_mis,50
rom_seleucid,False,Eas_Slingers,True,True,380,8,4,24,4,0,0,37,20,3,15,inf_mis,45
rom_seleucid,False,Eas_Syrian_Heavy_Archers,True,True,520,10,4,24,4,0,0,13,40,4,40,inf_mis,50
rom_seleucid,False,Gre_Agema_Cav,True,True,1300,46,4,27,12,0,10,21,70,76,70,cav_shk,100
rom_seleucid,True,Gre_Agema_Cav,True,True,1300,46,4,27,12,0,10,21,70,76,70,cav_shk,100
rom_seleucid,False,Gre_Archers,True,True,250,8,4,24,4,0,0,12,25,3,10,inf_mis,45
rom_seleucid,False,Gre_Ballista,True,False,1560,9,4,24,4,0,0,14,40,6,10,art_fld,45
rom_seleucid,False,Gre_Cheiroballistra,True,True,520,9,4,24,4,0,0,14,35,6,10,art_fld,45
rom_seleucid,False,Gre_Citizen_Cav,True,True,540,37,4,26,6,0,10,28,45,28,70,cav_mel,75
rom_seleucid,False,Gre_Giant_Ballista,True,False,730,9,4,24,4,0,0,14,40,6,10,art_fix,45
rom_seleucid,False,Gre_Hellenic_Cataphracts,True,True,1420,46,4,27,12,0,10,23,70,76,90,cav_shk,120
rom_seleucid,True,Gre_Hellenic_Cataphracts,True,True,1420,46,4,27,12,0,10,23,70,76,90,cav_shk,120
rom_seleucid,False,Gre_Javelinmen,True,True,220,8,4,24,4,0,0,37,25,3,15,inf_mis,45
rom_seleucid,False,Gre_Large_Onager,True,False,1790,9,4,24,4,0,0,14,40,6,10,art_fld,45
rom_seleucid,False,Gre_Levy_Pike,True,True,450,30,4,20,4,0,0,20,35,4,60,inf_pik,45
rom_seleucid,False,Gre_Light_Cav,True,True,440,38,4,25,5,0,15,50,40,29,35,cav_mel,75
rom_seleucid,False,Gre_Light_Peltasts,True,True,460,18,4,24,4,0,0,40,50,10,40,inf_mis,50
rom_seleucid,False,Gre_Onager,True,False,1580,9,4,24,4,0,0,14,40,6,10,art_fld,45
rom_seleucid,False,Gre_Peltasts,True,True,420,18,4,24,4,0,0,40,35,10,65,inf_mis,50
rom_seleucid,False,Gre_Pike,True,True,600,34,4,24,4,0,0,30,45,7,65,inf_pik,55
rom_seleucid,False,Gre_Polybolos,True,True,620,9,4,24,4,0,0,14,35,6,10,art_fix,45
rom_seleucid,False,Gre_Royal_Peltasts,True,True,1280,62,4,38,8,0,0,49,70,21,80,inf_mel,60
rom_seleucid,True,Gre_Royal_Peltasts,True,True,1280,62,4,38,8,0,0,49,70,21,80,inf_mel,60
rom_seleucid,False,Gre_Scythed_Chariots,True,True,1380,54,4,35,5,0,0,29,65,45,90,chariot,105
rom_seleucid,True,Gre_Scythed_Chariots,True,True,1380,54,4,35,5,0,0,29,65,45,90,chariot,105
rom_seleucid,False,Gre_Shield_Bearers,True,True,1160,41,4,29,5,0,20,57,70,28,115,inf_spr,65
rom_seleucid,True,Gre_Shield_Bearers,True,True,1160,41,4,29,5,0,20,57,70,28,115,inf_spr,65
rom_seleucid,False,Gre_Silver_Shield_Pike,True,True,1280,45,4,28,4,0,0,48,70,13,100,inf_pik,60
rom_seleucid,True,Gre_Silver_Shield_Pike,True,True,1280,45,4,28,4,0,0,48,70,13,100,inf_pik,60
rom_seleucid,False,Gre_Silver_Shield_Sword,True,True,1280,43,4,40,4,0,0,67,70,27,80,inf_mel,65
rom_seleucid,True,Gre_Silver_Shield_Sword,True,True,1280,43,4,40,4,0,0,67,70,27,80,inf_mel,65
rom_seleucid,False,Gre_Skirm_Cav,True,True,340,9,4,24,4,0,0,38,35,4,15,cav_mis,70
rom_seleucid,False,Gre_Slingers,True,True,270,8,4,24,4,0,0,22,25,3,20,inf_mis,45
rom_seleucid,False,Gre_Tarantine_Cav,True,True,560,18,4,24,4,0,0,36,50,11,60,cav_mis,80
rom_seleucid,False,Gre_Thorax_Pike,True,True,740,40,4,24,4,0,0,40,55,9,70,inf_pik,55
rom_seleucid,False,Gre_Thorax_Sword,True,True,710,38,4,34,4,0,0,57,55,18,75,inf_mel,60
rom_seleucid,False,Gre_Thureos_Spears,True,True,540,24,4,25,5,0,20,55,50,26,70,inf_spr,50
rom_seleucid,False,Ind_Armour_Elephants,True,True,2100,64,4,60,30,0,0,24,60,44,30,elph,200
rom_seleucid,True,Ind_Armour_Elephants,True,True,2100,64,4,60,30,0,0,24,60,44,30,elph,200
rom_seleucid,False,Ind_War_Elephants,True,True,1500,34,4,60,30,0,0,20,40,28,30,elph,200
rom_seleucid,False,Mer_Syrian_Armoured_Elephants,True,True,1900,64,4,60,30,0,0,24,60,44,30,elph,200
rom_rome,False,Aux_Afr_Elephant,True,True,1400,54,5,60,30,0,0,21,55,36,30,elph,200
rom_rome,False,Aux_Cav,True,True,800,40,5,25,5,0,15,37,55,37,70,cav_mel,85
rom_rome,False,Aux_Ibe_Balearic_Slingers,True,True,560,10,5,24,4,0,0,38,45,4,25,inf_mis,50
rom_rome,False,Aux_Infantry,True,True,400,18,5,25,5,0,20,55,45,15,75,inf_spr,50
rom_rome,False,Aux_Ita_Socii_Equites_Extraordinarii,True,True,840,34,5,25,11,0,10,11,55,57,60,cav_shk,100
rom_rome,False,Aux_Ita_Socii_Equites,True,True,650,38,5,25,5,0,15,37,50,34,55,cav_mel,85
rom_rome,False,Aux_Ita_Socii_Extraordinarii,True,True,760,37,5,34,4,0,0,52,55,18,95,inf_mel,65
rom_rome,False,Aux_Ita_Socii_Hastati,True,True,330,28,5,34,4,0,0,47,40,14,60,inf_mel,50
rom_rome,False,Aux_Num_Cav,True,True,550,18,5,24,4,0,0,39,55,10,15,cav_mis,75
rom_rome,False,Aux_Syrian_Archers,True,True,520,10,5,24,4,0,0,13,40,4,40,inf_mis,55
rom_rome,False,Rom_Armour_Legionaries,True,True,930,58,5,35,5,0,0,51,65,15,95,inf_mel,60
rom_rome,False,Rom_Ballista,True,False,1560,9,5,24,4,0,0,14,40,6,40,art_fld,45
rom_rome,False,Rom_Beehive_Onager,True,False,1580,9,5,24,4,0,0,14,40,6,40,art_fld,45
rom_rome,False,Rom_Cheiroballistra,True,True,520,9,5,24,4,0,0,14,40,6,40,art_fld,45
rom_rome,False,Rom_Eagle_Cohort,True,True,930,47,5,35,5,0,0,60,65,12,90,inf_mel,55
rom_rome,False,Rom_Equites,True,True,500,33,5,25,5,0,15,32,40,29,70,cav_mel,75
rom_rome,False,Rom_Evocati_Cohort,True,True,880,61,5,35,5,0,0,48,65,15,90,inf_mel,60
rom_rome,False,Rom_First_Cohort,True,True,910,47,5,35,5,0,0,58,65,12,85,inf_mel,55
rom_rome,True,Rom_General,True,True,450,28,5,25,5,0,15,61,55,20,90,com,80
rom_rome,False,Rom_Giant_Ballista,True,False,730,9,5,24,4,0,0,14,40,6,40,art_fix,45
rom_rome,False,Rom_Gladiator_Spear,True,True,440,45,5,29,5,0,20,70,50,28,10,inf_spr,60
rom_rome,False,Rom_Gladiators,True,True,600,67,5,39,5,0,0,60,55,22,10,inf_mel,65
rom_rome,False,Rom_Gladiatrices_Spear,True,True,460,40,5,29,5,0,20,70,60,20,40,inf_spr,55
rom_rome,False,Rom_Gladiatrices,True,True,620,57,5,39,5,0,0,60,65,22,40,inf_mel,60
rom_rome,False,Rom_Hastati,True,True,350,35,5,35,5,0,0,45,45,12,60,inf_mel,50
rom_rome,False,Rom_Large_Onager,True,False,1790,9,5,24,4,0,0,14,40,6,40,art_fld,45
rom_rome,True,Rom_Legatus,True,True,430,28,5,25,5,0,15,61,55,20,70,com,90
rom_rome,False,Rom_Legionaries,True,True,680,47,5,35,5,0,0,48,55,14,80,inf_mel,60
rom_rome,False,Rom_Legionary_Cav,True,True,540,33,5,25,5,0,15,30,45,29,70,cav_mel,80
rom_rome,False,Rom_Legionary_Cohort,True,True,710,47,5,35,5,0,0,48,55,14,90,inf_mel,60
rom_rome,False,Rom_Leves,True,True,200,5,5,24,4,0,0,37,20,3,15,inf_mis,45
rom_rome,False,Rom_Onager,True,False,1580,9,5,24,4,0,0,14,40,6,40,art_fld,45
rom_rome,False,Rom_Polybolos,True,True,620,9,5,24,4,0,0,14,35,6,40,art_fix,45
rom_rome,False,Rom_Praetorian_Cav,True,True,1250,49,5,29,5,0,15,42,70,42,70,cav_mel,105
rom_rome,False,Rom_Praetorian_Guard,True,True,1300,65,5,39,5,0,0,55,70,19,90,inf_mel,65
rom_rome,False,Rom_Praetorians,True,True,1280,65,5,39,5,0,0,55,70,19,85,inf_mel,65
rom_rome,False,Rom_Principes,True,True,660,47,5,35,5,0,0,53,55,14,75,inf_mel,60
rom_rome,False,Rom_Triarii,True,True,800,31,5,29,5,0,20,64,65,24,95,inf_spr,65
rom_rome,False,Rom_Velites,True,True,340,8,5,24,4,0,0,37,25,3,15,inf_mis,45
rom_rome,False,Rom_Vet_Legionaries,True,True,850,59,5,35,5,0,0,48,65,15,85,inf_mel,60
rom_rome,False,Rom_Vigiles,True,True,200,13,5,25,5,0,20,54,30,11,45,inf_spr,45
rom_rome,False,Rom_War_Dogs,True,True,500,23,5,40,4,0,0,68,35,20,15,spcl,45
rom_baktria,False,Bac_Hillmen,True,True,260,28,6,26,10,0,0,36,25,10,15,inf_mel,45
rom_baktria,False,Bac_Horse_Archers,True,True,700,40,6,38,8,0,0,17,50,14,35,cav_mis,75
rom_baktria,False,Bac_Light_Horse,True,True,430,37,6,25,5,0,15,26,30,29,55,cav_mel,75
rom_baktria,False,Bac_Noble_Horse,True,True,880,42,6,29,5,0,15,42,60,36,95,cav_mel,90
rom_baktria,False,Bac_Peltasts,True,True,480,18,6,24,4,0,0,40,50,10,65,inf_mis,50
rom_baktria,False,Bac_Royal_Cav,True,True,1250,46,6,27,12,0,10,21,70,76,60,cav_shk,95
rom_baktria,True,Bac_Royal_Cav,True,True,1250,46,6,27,12,0,10,21,70,76,60,cav_shk,95
rom_baktria,False,Bac_Royal_Guard,True,True,1140,40,6,29,5,0,20,56,70,29,105,inf_spr,65
rom_baktria,True,Bac_Royal_Guard,True,True,1140,40,6,29,5,0,20,56,70,29,105,inf_spr,65
rom_baktria,False,Bac_Scale_Thorax_Hoplites,True,True,680,36,6,26,6,0,15,61,55,20,75,inf_spr,55
rom_baktria,False,Eas_Elite_Persian_Archers,True,True,530,28,6,20,5,0,30,32,40,18,10,inf_mis,50
rom_baktria,False,Eas_Horse_Archers,True,True,400,9,6,24,4,0,0,13,30,4,10,cav_mis,70
rom_baktria,False,Eas_Horse_Skirm,True,True,390,9,6,24,4,0,0,38,30,4,15,cav_mis,70
rom_baktria,False,Eas_Javelinmen,True,True,370,8,6,24,4,0,0,37,20,3,15,inf_mis,45
rom_baktria,False,Eas_Persian_Light_Archers,True,True,360,9,6,24,4,0,0,13,30,4,10,inf_mis,50
rom_baktria,False,Eas_Slingers,True,True,380,8,6,24,4,0,0,37,20,3,15,inf_mis,45
rom_baktria,False,Eas_Spear,True,True,180,13,6,25,5,0,20,34,25,11,45,inf_spr,45
rom_baktria,False,Gre_Ballista,True,False,1560,9,6,24,4,0,0,14,40,6,10,art_fld,45
rom_baktria,False,Gre_Cheiroballistra,True,True,520,9,6,24,4,0,0,14,35,6,10,art_fld,45
rom_baktria,False,Gre_Citizen_Cav,True,True,540,37,6,26,6,0,10,28,45,28,70,cav_mel,75
rom_baktria,False,Gre_Giant_Ballista,True,False,730,9,6,24,4,0,0,14,40,6,10,art_fix,45
rom_baktria,False,Gre_Hellenic_Cataphracts,True,True,1420,46,6,27,12,0,10,23,70,76,90,cav_shk,120
rom_baktria,False,Gre_Large_Onager,True,False,1790,9,6,24,4,0,0,14,40,6,10,art_fld,45
rom_baktria,False,Gre_Levy_Pike,True,True,450,30,6,20,4,0,0,20,35,4,60,inf_pik,45
rom_baktria,False,Gre_Light_Peltasts,True,True,460,18,6,24,4,0,0,40,50,10,40,inf_mis,50
rom_baktria,False,Gre_Onager,True,False,1580,9,6,24,4,0,0,14,40,6,10,art_fld,45
rom_baktria,False,Gre_Peltasts,True,True,420,18,6,24,4,0,0,40,35,10,65,inf_mis,50
rom_baktria,False,Gre_Pike,True,True,600,34,6,24,4,0,0,30,45,7,65,inf_pik,55
rom_baktria,False,Gre_Polybolos,True,True,620,9,6,24,4,0,0,14,35,6,10,art_fix,45
rom_baktria,False,Gre_Thorax_Pike,True,True,740,40,6,24,4,0,0,40,55,9,70,inf_pik,55
rom_baktria,False,Gre_Thorax_Sword,True,True,710,38,6,34,4,0,0,57,55,18,75,inf_mel,60
rom_baktria,False,Gre_Thureos_Spears,True,True,540,24,6,25,5,0,20,55,50,26,70,inf_spr,50
rom_baktria,False,Ind_Armour_Elephants,True,True,2100,64,6,60,30,0,0,24,60,44,30,elph,200
rom_baktria,True,Ind_Armour_Elephants,True,True,2100,64,6,60,30,0,0,24,60,44,30,elph,200
rom_baktria,False,Ind_War_Elephants,True,True,1500,34,6,60,30,0,0,20,40,28,30,elph,200
rom_baktria,False,Mer_Eas_Syrian_Archers,True,True,520,10,6,24,4,0,0,13,40,4,40,inf_mis,50
rom_baktria,False,Mer_Gre_Tarantine_Cav,True,True,560,18,6,24,4,0,0,36,50,11,60,cav_mis,80
rom_baktria,False,Mer_Scy_Horse_Archers,True,True,380,9,6,24,4,0,0,13,30,4,10,cav_mis,70
rom_iceni,False,Bri_Ambushers,True,True,670,32,7,25,5,15,0,62,50,32,10,inf_mel,55
rom_iceni,False,Bri_Ballista,True,False,1570,9,7,24,4,0,0,14,45,6,10,art_fld,50
rom_iceni,False,Bri_Chariots,True,True,900,43,7,40,4,0,0,59,70,32,70,chariot,90
rom_iceni,True,Bri_Chariots,True,True,900,43,7,40,4,0,0,59,70,32,70,chariot,90
rom_iceni,False,Bri_Cheiroballistra,True,True,520,9,7,24,4,0,0,14,40,6,10,art_fld,45
rom_iceni,False,Bri_Chosen_Spear_Band,True,True,690,28,7,26,6,0,15,70,55,22,75,inf_spr,60
rom_iceni,False,Bri_Chosen_Sword_Band,True,True,730,31,7,40,4,0,0,59,55,29,75,inf_mel,60
rom_iceni,False,Bri_Druidic_Nobles,True,True,580,36,7,45,5,0,0,72,70,30,45,inf_mel,60
rom_iceni,False,Bri_Giant_Ballista,True,False,730,9,7,24,4,0,0,14,40,6,10,art_fix,45
rom_iceni,False,Bri_Heroic_Nobles,True,True,1300,43,7,45,5,0,0,69,70,32,75,inf_mel,65
rom_iceni,True,Bri_Heroic_Nobles,True,True,1300,43,7,45,5,0,0,69,70,32,75,inf_mel,65
rom_iceni,False,Bri_Heroic_Riders,True,True,1280,49,7,31,7,0,10,44,70,46,70,cav_mel,105
rom_iceni,True,Bri_Heroic_Riders,True,True,1280,49,7,31,7,0,10,44,70,46,70,cav_mel,105
rom_iceni,False,Bri_Large_Onager,True,False,1780,9,7,24,4,0,0,14,40,7,10,art_fld,45
rom_iceni,False,Bri_Onager,True,False,1580,9,7,24,4,0,0,14,40,6,10,art_fld,45
rom_iceni,False,Bri_Painted_Ones,True,True,610,34,7,25,5,15,0,59,60,34,10,inf_mel,55
rom_iceni,False,Bri_Scout_Riders,True,True,400,31,7,27,7,0,10,30,35,31,40,cav_mel,70
rom_iceni,False,Bri_Skirm,True,True,210,8,7,24,4,0,0,37,25,3,25,inf_mis,45
rom_iceni,False,Bri_Slingers,True,True,380,8,7,24,4,0,0,37,25,3,25,inf_mis,50
rom_iceni,False,Bri_Spear_Band,True,True,320,17,7,22,7,0,20,58,40,21,45,inf_spr,50
rom_iceni,False,Bri_Sword_Band,True,True,340,23,7,40,4,0,0,52,40,20,45,inf_mel,50
rom_iceni,False,Bri_Veteran_Riders,True,True,580,37,7,27,7,0,10,35,55,37,40,cav_mel,85
rom_iceni,False,Cel_Celtic_Warhounds,True,True,500,20,7,40,4,0,0,68,35,35,15,spcl,45
rom_iceni,False,Cel_Levy_Freemen,True,True,210,12,7,22,7,0,20,55,30,15,45,inf_spr,50
rom_boii,False,Cel_Axe_Warriors,True,True,470,35,8,26,10,0,0,50,55,20,65,inf_mel,55
rom_boii,False,Cel_Ballista,True,False,1560,9,8,24,4,0,0,14,40,6,10,art_fld,45
rom_boii,False,Cel_Bowmen,True,True,300,8,8,24,4,0,0,12,25,3,10,inf_mis,45
rom_boii,False,Cel_Cheiroballistra,True,True,520,9,8,24,4,0,0,14,40,6,10,art_fld,45
rom_boii,False,Cel_Giant_Ballista,True,False,730,9,8,24,4,0,0,14,40,6,10,art_fix,45
rom_boii,False,Cel_Heavy_Horse,True,True,700,42,8,27,7,0,10,42,55,39,60,cav_mel,90
rom_boii,False,Cel_Large_Onager,True,False,1790,9,8,24,4,0,0,14,40,6,10,art_fld,45
rom_boii,False,Cel_Levy_Freemen,True,True,210,12,8,22,7,0,20,55,30,15,45,inf_spr,50
rom_boii,False,Cel_Light_Horse,True,True,450,42,8,27,7,0,10,56,45,39,15,cav_mel,75
rom_boii,False,Cel_Naked_Warriors,True,True,580,34,8,25,5,15,0,69,65,36,10,inf_mel,55
rom_boii,False,Cel_Noble_Horse,True,True,1300,51,8,31,7,0,10,44,70,47,75,cav_mel,105
rom_boii,True,Cel_Noble_Horse,True,True,1300,51,8,31,7,0,10,44,70,47,75,cav_mel,105
rom_boii,False,Cel_Oathsworn,True,True,1340,48,8,45,5,0,0,69,70,35,80,inf_mel,65
rom_boii,True,Cel_Oathsworn,True,True,1340,48,8,45,5,0,0,69,70,35,80,inf_mel,65
rom_boii,False,Cel_Onager,True,False,1580,9,8,24,4,0,0,14,40,6,10,art_fld,45
rom_boii,False,Cel_Skirm,True,True,350,8,8,24,4,0,0,27,25,3,45,inf_mis,45
rom_boii,False,Cel_Slingers,True,True,280,8,8,24,4,0,0,37,25,3,25,inf_mis,45
rom_boii,False,Cel_Spear_Warriors,True,True,490,24,8,26,6,0,15,60,45,22,65,inf_spr,50
rom_boii,False,Cel_Sword_Followers,True,True,760,37,8,40,4,0,0,57,65,27,75,inf_mel,60
rom_boii,False,Cel_Veteran_Spears,True,True,710,28,8,26,6,0,15,70,65,22,75,inf_spr,60
rom_boii,False,Cel_Warriors,True,True,350,27,8,40,4,0,0,50,45,25,45,inf_mel,55
rom_arverni,False,Cel_Ballista,True,False,1560,9,9,24,4,0,0,14,40,6,10,art_fld,45
rom_arverni,False,Cel_Cheiroballistra,True,True,520,9,9,24,4,0,0,14,40,6,10,art_fld,45
rom_arverni,False,Cel_Chosen_Spear,True,True,680,26,9,26,6,0,15,72,55,22,75,inf_spr,55
rom_arverni,False,Cel_Chosen_Sword,True,True,720,32,9,40,4,0,0,62,55,27,75,inf_mel,55
rom_arverni,False,Cel_Gallic_Hunters,True,True,450,17,9,24,4,0,0,15,40,5,10,inf_mis,45
rom_arverni,False,Cel_Giant_Ballista,True,False,730,9,9,24,4,0,0,14,40,6,10,art_fix,45
rom_arverni,False,Cel_Heavy_Horse,True,True,700,42,9,27,7,0,10,42,55,39,60,cav_mel,90
rom_arverni,False,Cel_Large_Onager,True,False,1790,9,9,24,4,0,0,14,40,6,10,art_fld,45
rom_arverni,False,Cel_Levy_Freemen,True,True,210,12,9,22,7,0,20,55,30,15,45,inf_spr,50
rom_arverni,False,Cel_Light_Horse,True,True,450,42,9,27,7,0,10,56,45,39,15,cav_mel,75
rom_arverni,False,Cel_Naked_Warriors,True,True,580,34,9,25,5,15,0,69,65,36,10,inf_mel,55
rom_arverni,False,Cel_Noble_Horse,True,True,1300,51,9,31,7,0,10,44,70,47,75,cav_mel,105
rom_arverni,True,Cel_Noble_Horse,True,True,1300,51,9,31,7,0,10,44,70,47,75,cav_mel,105
rom_arverni,False,Cel_Oathsworn,True,True,1340,48,9,45,5,0,0,69,70,35,80,inf_mel,65
rom_arverni,True,Cel_Oathsworn,True,True,1340,48,9,45,5,0,0,69,70,35,80,inf_mel,65
rom_arverni,False,Cel_Onager,True,False,1580,9,9,24,4,0,0,14,40,6,10,art_fld,45
rom_arverni,False,Cel_Savage_Dogs,True,True,500,23,9,40,4,0,0,68,35,20,15,spcl,45
rom_arverni,False,Cel_Skirm,True,True,350,8,9,24,4,0,0,27,25,3,45,inf_mis,45
rom_arverni,False,Cel_Slingers,True,True,280,8,9,24,4,0,0,37,25,3,25,inf_mis,45
rom_arverni,False,Cel_Spear_Nobles,True,True,1130,34,9,30,6,0,15,77,70,32,75,inf_spr,65
rom_arverni,True,Cel_Spear_Nobles,True,True,1130,34,9,30,6,0,15,77,70,32,75,inf_spr,65
rom_arverni,False,Cel_Spear_Warriors,True,True,490,24,9,26,6,0,15,60,45,22,65,inf_spr,50
rom_arverni,False,Cel_Warriors,True,True,350,27,9,40,4,0,0,50,45,25,45,inf_mel,55
rom_arverni,False,Cel_Youths,True,True,320,20,9,24,4,0,0,32,20,15,45,inf_mis,45
rom_galatia,False,Cel_Ballista,True,False,1560,9,10,24,4,0,0,14,40,6,10,art_fld,45
rom_galatia,False,Cel_Cheiroballistra,True,True,520,9,10,24,4,0,0,14,40,6,10,art_fld,45
rom_galatia,False,Cel_Galatian_Legionaires,True,True,800,40,10,40,4,0,0,65,60,28,75,inf_mel,60
rom_galatia,False,Cel_Galatian_Noblemen,True,True,1150,36,10,30,6,0,15,74,70,32,75,inf_spr,65
rom_galatia,True,Cel_Galatian_Noblemen,True,True,1150,36,10,30,6,0,15,74,70,32,75,inf_spr,65
rom_galatia,False,Cel_Galatian_Raiders,True,True,550,42,10,40,4,0,0,56,45,39,15,cav_mis,75
rom_galatia,False,Cel_Galatian_Spears,True,True,440,24,10,26,6,0,15,68,55,26,45,inf_spr,50
rom_galatia,False,Cel_Galatian_Swords,True,True,380,32,10,40,4,0,0,52,40,28,45,inf_mel,50
rom_galatia,False,Cel_Giant_Ballista,True,False,730,9,10,24,4,0,0,14,40,6,10,art_fix,45
rom_galatia,False,Cel_Large_Onager,True,False,1790,9,10,24,4,0,0,14,40,6,10,art_fld,45
rom_galatia,False,Cel_Levy_Freemen,True,True,210,12,10,22,7,0,20,55,30,15,45,inf_spr,50
rom_galatia,False,Cel_Light_Horse,True,True,450,42,10,27,7,0,10,56,45,39,15,cav_mel,75
rom_galatia,False,Cel_Naked_Swords,True,True,480,27,10,25,5,15,0,60,55,29,10,inf_mel,55
rom_galatia,False,Cel_Noble_Horse,True,True,1300,51,10,31,7,0,10,44,70,47,75,cav_mel,105
rom_galatia,True,Cel_Noble_Horse,True,True,1300,51,10,31,7,0,10,44,70,47,75,cav_mel,105
rom_galatia,False,Cel_Onager,True,False,1580,9,10,24,4,0,0,14,40,6,10,art_fld,45
rom_galatia,False,Cel_Skirm,True,True,350,8,10,24,4,0,0,27,25,3,45,inf_mis,45
rom_galatia,False,Cel_Slingers,True,True,280,8,10,24,4,0,0,37,25,3,25,inf_mis,45
rom_galatia,False,Cel_Tribesmen,True,True,280,9,10,26,6,0,15,52,25,10,45,inf_spr,40
rom_nervii,False,Cel_Ballista,True,False,1560,9,11,24,4,0,0,14,40,6,10,art_fld,45
rom_nervii,False,Cel_Cheiroballistra,True,True,520,9,11,24,4,0,0,14,40,6,10,art_fld,45
rom_nervii,False,Cel_Fierce_Swords,True,True,690,38,11,40,4,0,0,48,60,37,45,inf_mel,60
rom_nervii,False,Cel_Gallic_Hunters,True,True,450,17,11,24,4,0,0,15,40,5,10,inf_mis,45
rom_nervii,False,Cel_Giant_Ballista,True,False,730,9,11,24,4,0,0,14,40,6,10,art_fix,45
rom_nervii,False,Cel_Guerilla_Swordsmen,True,True,580,30,11,40,4,0,0,62,45,30,45,inf_mel,55
rom_nervii,False,Cel_Large_Onager,True,False,1790,9,11,24,4,0,0,14,40,6,10,art_fld,45
rom_nervii,False,Cel_Levy_Freemen,True,True,210,12,11,22,7,0,20,55,30,15,45,inf_spr,50
rom_nervii,False,Cel_Light_Horse,True,True,450,42,11,27,7,0,10,56,45,39,15,cav_mel,75
rom_nervii,False,Cel_Mighty_Horse,True,True,680,47,11,27,7,0,10,35,55,39,60,cav_mel,80
rom_nervii,False,Cel_Naked_Spears,True,True,530,30,11,22,7,0,20,52,55,30,45,inf_spr,60
rom_nervii,False,Cel_Naked_Warriors,True,True,580,34,11,25,5,15,0,69,65,36,10,inf_mel,55
rom_nervii,False,Cel_Noble_Horse,True,True,1300,51,11,31,7,0,10,44,70,47,75,cav_mel,105
rom_nervii,True,Cel_Noble_Horse,True,True,1300,51,11,31,7,0,10,44,70,47,75,cav_mel,105
rom_nervii,False,Cel_Oathsworn,True,True,1340,48,11,45,5,0,0,69,70,35,80,inf_mel,65
rom_nervii,True,Cel_Oathsworn,True,True,1340,48,11,45,5,0,0,69,70,35,80,inf_mel,65
rom_nervii,False,Cel_Onager,True,False,1580,9,11,24,4,0,0,14,40,6,10,art_fld,45
rom_nervii,False,Cel_Skirm,True,True,350,8,11,24,4,0,0,27,25,3,45,inf_mis,45
rom_nervii,False,Cel_Slingers,True,True,280,8,11,24,4,0,0,37,25,3,25,inf_mis,45
rom_nervii,False,Cel_Warriors,True,True,350,27,11,40,4,0,0,50,45,25,45,inf_mel,55
rom_nervii,False,Cel_Youths,True,True,320,20,11,24,4,0,0,32,20,15,45,inf_mis,45
rom_nervii,False,Ger_Spear_Brothers,True,True,480,25,11,26,6,0,15,66,40,23,50,inf_spr,55
rom_tylis,False,Cel_Gallo_Thracian_Infantry,True,True,650,32,12,40,4,0,0,56,50,32,65,inf_mel,55
rom_tylis,False,Cel_Levy_Freemen,True,True,210,12,12,22,7,0,20,55,30,15,45,inf_spr,50
rom_tylis,False,Cel_Light_Horse,True,True,450,42,12,27,7,0,10,56,45,39,15,cav_mel,75
rom_tylis,False,Cel_Noble_Horse,True,True,1300,51,12,31,7,0,10,44,70,47,75,cav_mel,105
rom_tylis,True,Cel_Noble_Horse,True,True,1300,51,12,31,7,0,10,44,70,47,75,cav_mel,105
rom_tylis,False,Cel_Oathsworn,True,True,1340,48,12,45,5,0,0,69,70,35,80,inf_mel,65
rom_tylis,True,Cel_Oathsworn,True,True,1340,48,12,45,5,0,0,69,70,35,80,inf_mel,65
rom_tylis,False,Cel_Raiding_Horsemen,True,True,490,36,12,34,4,0,0,36,50,25,45,cav_mis,75
rom_tylis,False,Cel_Skirm,True,True,350,8,12,24,4,0,0,27,25,3,45,inf_mis,45
rom_tylis,False,Cel_Slingers,True,True,280,8,12,24,4,0,0,37,25,3,25,inf_mis,45
rom_tylis,False,Cel_Spear_Warriors,True,True,490,24,12,26,6,0,15,60,45,22,65,inf_spr,50
rom_tylis,False,Cel_Tribal_Warriors,True,True,740,28,12,40,4,0,0,70,55,26,95,inf_mel,55
rom_tylis,False,Cel_Tribesmen,True,True,280,9,12,26,6,0,15,52,25,10,45,inf_spr,40
rom_tylis,False,Cel_Warriors,True,True,350,27,12,40,4,0,0,50,45,25,45,inf_mel,55
rom_tylis,False,Dac_Ballista,True,False,1560,9,12,24,4,0,0,14,40,6,10,art_fld,45
rom_tylis,False,Dac_Giant_Ballista,True,False,730,9,12,24,4,0,0,14,40,6,10,art_fix,45
rom_tylis,False,Dac_Large_Onager,True,False,1790,9,12,24,4,0,0,14,40,6,10,art_fld,45
rom_tylis,False,Dac_Onager,True,False,1580,9,12,24,4,0,0,14,40,6,10,art_fld,45
rom_tylis,False,Dac_Scorpion,True,False,490,9,12,24,4,0,0,14,40,6,10,art_fix,45
rom_tylis,False,Mer_Thr_Cav,True,True,450,14,12,24,4,0,0,33,35,10,40,cav_mis,75
rom_tylis,False,Mer_Thr_Peltasts,True,True,480,28,12,35,10,0,0,40,45,12,15,inf_mis,55
rom_tylis,False,Thr_Warriors,True,True,420,45,12,45,15,0,20,12,40,33,30,inf_mel,50
rom_getae,False,Dac_Armoured_Spears,True,True,580,26,13,26,6,0,15,65,55,26,75,inf_spr,55
rom_getae,False,Dac_Ballista,True,False,1560,9,13,24,4,0,0,14,40,6,10,art_fld,45
rom_getae,False,Dac_Bow_Horsemen,True,True,420,9,13,24,4,0,0,13,35,4,10,cav_mis,70
rom_getae,False,Dac_Bowmen,True,True,280,8,13,24,4,0,0,12,25,3,10,inf_mis,45
rom_getae,False,Dac_Cheiroballistra,True,False,520,9,13,24,4,0,0,14,40,6,10,art_fld,45
rom_getae,False,Dac_Falxmen,True,True,320,36,13,39,14,0,15,11,40,46,10,inf_mel,50
rom_getae,False,Dac_Giant_Ballista,True,False,730,9,13,24,4,0,0,14,40,6,10,art_fix,45
rom_getae,False,Dac_Heavy_Bowmen,True,True,410,20,13,24,4,0,0,15,40,12,30,inf_mis,45
rom_getae,False,Dac_Heavy_Skirm,True,True,450,20,13,40,4,0,0,30,40,12,65,inf_mis,45
rom_getae,False,Dac_Heavy_Spears,True,True,480,23,13,22,7,0,20,58,45,23,65,inf_spr,55
rom_getae,False,Dac_Large_Onager,True,False,1790,9,13,24,4,0,0,14,40,6,10,art_fld,45
rom_getae,False,Dac_Noble_Horsemen,True,True,1240,53,13,25,11,0,10,22,70,63,60,cav_shk,100
rom_getae,True,Dac_Noble_Horsemen,True,True,1240,53,13,25,11,0,10,22,70,63,60,cav_shk,100
rom_getae,False,Dac_Noble_Spears,True,True,1100,32,13,30,6,0,15,75,70,32,80,inf_spr,65
rom_getae,True,Dac_Noble_Spears,True,True,1100,32,13,30,6,0,15,75,70,32,80,inf_spr,65
rom_getae,False,Dac_Noble_Swords,True,True,1260,43,13,45,5,0,0,67,70,36,80,inf_mel,65
rom_getae,True,Dac_Noble_Swords,True,True,1260,43,13,45,5,0,0,67,70,36,80,inf_mel,65
rom_getae,False,Dac_Onager,True,False,1580,9,13,24,4,0,0,14,40,6,10,art_fld,45
rom_getae,False,Dac_Scorpion_Bastion,True,True,490,9,13,24,4,0,0,14,40,6,10,art_fix,40
rom_getae,False,Dac_Skirm,True,True,300,8,13,24,4,0,0,27,25,3,45,inf_mis,45
rom_getae,False,Dac_Spear_Horsemen,True,True,550,31,13,27,7,0,10,36,45,31,60,cav_mel,90
rom_getae,False,Dac_Spear_Warriors,True,True,300,16,13,22,7,0,20,61,45,17,65,inf_spr,50
rom_getae,False,Dac_Spears,True,True,220,11,13,22,7,0,20,54,30,12,45,inf_spr,45
rom_getae,False,Mer_Cel_Axe_Warriors,True,True,470,35,13,26,10,0,0,50,55,20,65,inf_mel,55
rom_getae,False,Mer_Thr_Cav,True,True,450,14,13,24,4,0,0,33,35,10,40,cav_mis,75
rom_getae,False,Mer_Thr_Peltasts,True,True,480,28,13,35,10,0,0,40,45,12,15,inf_mis,55
rom_odryssia,False,Dac_Ballista,True,False,1560,9,14,24,4,0,0,14,40,6,10,art_fld,45
rom_odryssia,False,Dac_Cheiroballistra,True,False,520,9,14,24,4,0,0,14,40,6,10,art_fld,45
rom_odryssia,False,Dac_Giant_Ballista,True,False,730,9,14,24,4,0,0,14,40,6,10,art_fix,45
rom_odryssia,False,Dac_Large_Onager,True,False,1790,9,14,24,4,0,0,14,40,6,10,art_fld,45
rom_odryssia,False,Dac_Onager,True,False,1580,9,14,24,4,0,0,14,40,6,10,art_fld,45
rom_odryssia,False,Mer_Dac_Falxmen,True,True,320,36,14,39,14,0,15,11,40,46,10,inf_mel,50
rom_odryssia,False,Mer_Dac_Spears,True,True,220,11,14,22,7,0,20,54,30,12,45,inf_spr,50
rom_odryssia,False,Mer_Gre_Hoplites,True,True,650,34,14,26,6,0,15,57,55,21,75,inf_spr,60
rom_odryssia,False,Thr_Bowmen,True,True,270,8,14,24,4,0,0,12,25,3,10,inf_mis,45
rom_odryssia,False,Thr_Cav,True,True,450,40,14,38,8,0,0,36,35,16,40,cav_mis,75
rom_odryssia,False,Thr_Horsemen,True,True,500,31,14,27,7,0,10,36,45,31,60,cav_mel,80
rom_odryssia,False,Thr_Nobles,True,True,1300,76,14,45,15,0,20,14,70,63,55,inf_mel,65
rom_odryssia,True,Thr_Nobles,True,True,1300,76,14,45,15,0,20,14,70,63,55,inf_mel,65
rom_odryssia,False,Thr_Peltasts,True,True,480,28,14,35,10,0,0,40,45,12,15,inf_mis,55
rom_odryssia,False,Thr_Royal_Cav,True,True,1280,49,14,29,5,0,15,36,70,43,90,cav_mel,100
rom_odryssia,True,Thr_Royal_Cav,True,True,1280,49,14,29,5,0,15,36,70,43,90,cav_mel,100
rom_odryssia,False,Thr_Skirm,True,True,330,8,14,24,4,0,0,37,25,3,15,inf_mis,45
rom_odryssia,False,Thr_Slingers,True,True,280,8,14,24,4,0,0,37,25,3,15,inf_mis,45
rom_odryssia,False,Thr_Warriors,True,True,420,45,14,45,15,0,20,12,40,33,30,inf_mel,50
rom_pontus,False,Eas_Archers,True,True,350,8,15,24,4,0,0,12,20,3,10,inf_mis,45
rom_pontus,False,Eas_Ballista,True,False,1560,9,15,24,4,0,0,14,35,6,10,art_fld,45
rom_pontus,False,Eas_Cheiroballistra,True,True,520,9,15,24,4,0,0,14,35,6,10,art_fld,45
rom_pontus,False,Eas_Giant_Ballista,True,False,730,9,15,24,4,0,0,14,35,6,10,art_fix,45
rom_pontus,False,Eas_Hillmen,True,True,220,25,15,26,10,0,0,36,35,12,15,inf_mel,45
rom_pontus,False,Eas_Horse_Skirm,True,True,390,9,15,24,4,0,0,38,30,4,15,cav_mis,70
rom_pontus,False,Eas_Javelinmen,True,True,370,8,15,24,4,0,0,37,20,3,15,inf_mis,45
rom_pontus,False,Eas_Large_Onager,True,False,1780,9,15,24,4,0,0,14,35,7,10,art_fld,45
rom_pontus,False,Eas_Noble_Blood_Cav,True,True,750,46,15,25,5,0,15,35,55,34,70,cav_mel,90
rom_pontus,False,Eas_Onager,True,False,1580,9,15,24,4,0,0,14,35,6,10,art_fld,45
rom_pontus,False,Eas_Pontic_Peltasts,True,True,450,18,15,24,4,0,0,40,30,10,65,inf_mis,50
rom_pontus,False,Eas_Pontic_Sword,True,True,620,37,15,34,4,0,0,55,50,18,75,inf_mel,50
rom_pontus,True,Eas_Pontic_Sword,True,True,620,37,15,34,4,0,0,55,50,18,75,inf_mel,50
rom_pontus,False,Eas_Scorpion_Pot_Ballista,True,False,1560,9,15,24,4,0,0,14,35,6,10,art_fld,45
rom_pontus,False,Eas_Slingers,True,True,380,8,15,24,4,0,0,37,20,3,15,inf_mis,45
rom_pontus,False,Eas_Spear,True,True,180,13,15,25,5,0,20,34,25,11,45,inf_spr,45
rom_pontus,False,Gre_Bronze_Shield_Pike,True,True,820,44,15,24,4,0,0,40,65,11,65,inf_pik,60
rom_pontus,True,Gre_Bronze_Shield_Pike,True,True,820,44,15,24,4,0,0,40,65,11,65,inf_pik,60
rom_pontus,False,Gre_Citizen_Cav,True,True,540,37,15,26,6,0,10,28,45,28,70,cav_mel,75
rom_pontus,False,Gre_Hoplites,True,True,650,34,15,26,6,0,15,57,55,21,80,inf_spr,60
rom_pontus,False,Gre_Levy_Pike,True,True,450,30,15,20,4,0,0,20,35,4,60,inf_pik,45
rom_pontus,False,Gre_Pike,True,True,600,34,15,24,4,0,0,30,45,7,65,inf_pik,55
rom_pontus,False,Gre_Pontic_Royal_Cav,True,True,1200,46,15,25,11,0,10,17,70,76,60,cav_shk,100
rom_pontus,True,Gre_Pontic_Royal_Cav,True,True,1200,46,15,25,11,0,10,17,70,76,60,cav_shk,100
rom_pontus,False,Gre_Scythed_Chariots,True,True,1380,54,15,35,5,0,0,29,65,45,90,chariot,105
rom_pontus,False,Gre_Thureos_Spears,True,True,540,24,15,25,5,0,20,55,50,26,70,inf_spr,50
rom_pontus,False,Mer_Cel_Light_Horse,True,True,450,42,15,27,7,0,10,56,45,39,15,cav_mel,75
rom_pontus,False,Mer_Cel_Warriors,True,True,350,27,15,40,4,0,0,50,40,25,45,inf_mel,55
rom_pontus,False,Mer_Scy_Horse_Archers,True,True,380,9,15,24,4,0,0,13,30,4,10,cav_mis,70
rom_suebi,False,Ger_Ballista,True,False,1560,9,16,24,4,0,0,14,35,6,10,art_fld,45
rom_suebi,False,Ger_Berserkers,True,True,820,56,16,25,5,15,0,66,75,51,10,inf_mel,85
rom_suebi,False,Ger_Bloodsworn,True,True,420,38,16,15,9,10,0,49,55,33,10,inf_mel,55
rom_suebi,False,Ger_Cheiroballistra,True,True,520,9,16,24,4,0,0,14,35,6,10,art_fld,45
rom_suebi,False,Ger_Cimbri_Bowwomen,True,True,380,28,16,20,5,0,30,22,40,18,10,inf_mis,55
rom_suebi,False,Ger_Club_Levy,True,True,200,20,16,15,9,10,0,41,30,16,40,inf_mel,50
rom_suebi,False,Ger_Giant_Ballista,True,False,730,9,16,24,4,0,0,14,35,6,10,art_fix,45
rom_suebi,False,Ger_Hex_Bearers,True,True,500,50,16,34,4,0,0,31,50,16,40,inf_mel,45
rom_suebi,False,Ger_Horse_Runners,True,True,450,36,16,34,4,0,0,35,35,22,40,inf_mis,45
rom_suebi,False,Ger_Large_Onager,True,False,1790,9,16,24,4,0,0,14,35,6,10,art_fld,45
rom_suebi,False,Ger_Longbow_Hunters,True,True,300,8,16,24,4,0,0,12,25,3,10,inf_mis,45
rom_suebi,False,Ger_Night_Hunters,True,True,720,35,16,26,6,0,15,54,50,28,10,inf_spr,60
rom_suebi,False,Ger_Noble_Riders,True,True,1180,47,16,31,7,0,10,52,70,46,60,cav_mel,100
rom_suebi,True,Ger_Noble_Riders,True,True,1180,47,16,31,7,0,10,52,70,46,60,cav_mel,100
rom_suebi,False,Ger_Onager,True,False,1580,9,16,24,4,0,0,14,35,6,10,art_fld,45
rom_suebi,False,Ger_Riders_Hunt,True,True,600,42,16,27,7,0,10,40,55,39,40,cav_mel,80
rom_suebi,False,Ger_Round_Shield_Sword,True,True,450,40,16,34,4,0,0,34,45,24,40,inf_mel,55
rom_suebi,False,Ger_Scout_Riders,True,True,440,34,16,34,4,0,0,30,45,24,40,cav_mis,70
rom_suebi,False,Ger_Slingers,True,True,260,8,16,24,4,0,0,37,25,3,30,inf_mis,45
rom_suebi,False,Ger_Spear_Brothers,True,True,480,25,16,26,6,0,15,66,40,23,50,inf_spr,55
rom_suebi,False,Ger_Spear_Levy,True,True,220,18,16,22,7,0,20,59,30,17,40,inf_spr,50
rom_suebi,False,Ger_Spear_Wall,True,True,660,25,16,26,6,0,15,86,50,23,45,inf_spr,60
rom_suebi,False,Ger_Spearwomen,True,True,660,32,16,26,6,0,15,50,50,23,55,inf_spr,50
rom_suebi,False,Ger_Sword_Masters,True,True,1280,43,16,40,4,0,0,67,70,32,80,inf_mel,70
rom_suebi,True,Ger_Sword_Masters,True,True,1280,43,16,40,4,0,0,67,70,32,80,inf_mel,70
rom_suebi,False,Ger_Wodanaz_Spears,True,True,890,38,16,30,6,0,15,69,70,29,50,inf_spr,65
rom_suebi,True,Ger_Wodanaz_Spears,True,True,890,38,16,30,6,0,15,69,70,29,50,inf_spr,65
rom_suebi,False,Ger_Wolf_Warriors,True,True,700,42,16,15,9,10,0,56,65,35,20,inf_mel,55
rom_suebi,False,Ger_Youths,True,True,300,18,16,24,4,0,0,40,20,10,30,inf_mis,45
rom_epirus,False,Gre_Agrianian_Axemen,True,True,500,22,17,26,10,0,0,41,50,14,45,inf_mis,50
rom_epirus,False,Gre_Archers,True,True,250,8,17,24,4,0,0,12,25,3,10,inf_mis,45
rom_epirus,False,Gre_Aspis_Companion_Cav,True,True,1300,68,17,40,8,0,0,34,70,40,95,cav_mel,105
rom_epirus,False,Gre_Ballista,True,False,1560,9,17,24,4,0,0,14,40,6,10,art_fld,45
rom_epirus,False,Gre_Beehive_Onager,True,False,1580,9,17,24,4,0,0,14,40,6,10,art_fld,45
rom_epirus,False,Gre_Cheiroballistra,True,True,520,9,17,24,4,0,0,14,35,6,10,art_fld,45
rom_epirus,False,Gre_Citizen_Cav,True,True,540,37,17,26,6,0,10,28,45,28,70,cav_mel,75
rom_epirus,False,Gre_Giant_Ballista,True,False,730,9,17,24,4,0,0,14,40,6,10,art_fix,45
rom_epirus,False,Gre_Hoplites,True,True,650,34,17,26,6,0,15,57,55,21,80,inf_spr,60
rom_epirus,False,Gre_Javelinmen,True,True,220,8,17,24,4,0,0,37,25,3,15,inf_mis,45
rom_epirus,False,Gre_Large_Onager,True,False,1790,9,17,24,4,0,0,14,40,6,10,art_fld,45
rom_epirus,False,Gre_Levy_Pike,True,True,450,30,17,20,4,0,0,20,35,4,60,inf_pik,45
rom_epirus,False,Gre_Militia_Hoplites,True,True,300,21,17,26,6,0,15,53,45,15,55,inf_spr,55
rom_epirus,False,Gre_Molossian_Dogs,True,True,650,35,17,40,4,0,0,68,35,20,15,spcl,45
rom_epirus,False,Gre_Onager,True,False,1580,9,17,24,4,0,0,14,40,6,10,art_fld,45
rom_epirus,False,Gre_Peltasts,True,True,420,18,17,24,4,0,0,40,35,10,65,inf_mis,50
rom_epirus,False,Gre_Pike,True,True,600,34,17,24,4,0,0,30,45,7,65,inf_pik,55
rom_epirus,False,Gre_Polybolos,True,True,620,9,17,24,4,0,0,14,35,6,10,art_fix,45
rom_epirus,False,Gre_Royal_Cav,True,True,1270,46,17,27,12,0,10,17,70,76,60,cav_shk,100
rom_epirus,True,Gre_Royal_Cav,True,True,1270,46,17,27,12,0,10,17,70,76,60,cav_shk,100
rom_epirus,False,Gre_Royal_Guard,True,True,1260,47,17,28,4,0,0,45,70,13,90,inf_pik,60
rom_epirus,True,Gre_Royal_Guard,True,True,1260,47,17,28,4,0,0,45,70,13,90,inf_pik,60
rom_epirus,False,Gre_Royal_Peltasts,True,True,1280,62,17,38,8,0,0,49,70,21,80,inf_mel,60
rom_epirus,True,Gre_Royal_Peltasts,True,True,1280,62,17,38,8,0,0,49,70,21,80,inf_mel,60
rom_epirus,False,Gre_Skirm_Cav,True,True,340,9,17,24,4,0,0,38,35,4,15,cav_mis,70
rom_epirus,False,Gre_Slingers,True,True,270,8,17,24,4,0,0,22,25,3,20,inf_mis,45
rom_epirus,False,Gre_Tarantine_Cav,True,True,560,18,17,24,4,0,0,36,50,11,60,cav_mis,80
rom_epirus,False,Gre_Thessalian_Cav,True,True,740,40,17,25,11,0,10,15,65,67,35,cav_shk,90
rom_epirus,False,Gre_Thureos_Spears,True,True,540,24,17,25,5,0,20,55,50,26,70,inf_spr,50
rom_epirus,False,Ill_Levies,True,True,270,28,17,26,10,0,0,37,40,14,45,inf_mel,45
rom_epirus,False,Mer_Gre_Cretan_Archers,True,True,600,12,17,24,4,0,0,24,55,6,40,inf_mis,55
rom_epirus,False,Mer_Gre_Rhodian_Slingers,True,True,600,12,17,24,4,0,0,24,55,6,20,inf_mis,55
rom_epirus,False,Mer_Ind_War_Elephants,True,True,1500,34,17,60,30,0,0,20,60,28,30,elph,200
rom_epirus,False,Mer_Ita_Cav,True,True,600,38,17,25,5,0,15,37,50,34,55,cav_mel,75
rom_epirus,False,Mer_Ita_Etruscan_Hoplites,True,True,750,32,17,29,5,0,20,57,55,20,80,inf_spr,60
rom_epirus,False,Mer_Ita_Spear,True,True,340,18,17,25,5,0,20,51,45,15,60,inf_spr,50
rom_epirus,False,Mer_Ita_Sword,True,True,400,34,17,35,5,0,0,45,45,10,60,inf_mel,50
rom_macedon,False,Gre_Agrianian_Axemen,True,True,500,22,18,26,10,0,0,41,50,14,45,inf_mis,50
rom_macedon,False,Gre_Archers,True,True,250,8,18,24,4,0,0,12,25,3,10,inf_mis,45
rom_macedon,False,Gre_Aspis_Companion_Cav,True,True,1300,68,18,40,8,0,0,34,70,40,95,cav_mel,105
rom_macedon,False,Gre_Ballista,True,False,1560,9,18,24,4,0,0,14,40,6,10,art_fld,45
rom_macedon,False,Gre_Beehive_Onager,True,False,1580,9,18,24,4,0,0,14,40,6,10,art_fld,45
rom_macedon,False,Gre_Cheiroballistra,True,True,520,9,18,24,4,0,0,14,35,6,10,art_fld,45
rom_macedon,False,Gre_Citizen_Cav,True,True,540,37,18,26,6,0,10,28,45,28,70,cav_mel,75
rom_macedon,False,Gre_Companion_Cav,True,True,1300,46,18,27,12,0,10,21,70,76,70,cav_shk,100
rom_macedon,True,Gre_Companion_Cav,True,True,1300,46,18,27,12,0,10,21,70,76,70,cav_shk,100
rom_macedon,False,Gre_Foot_Companions,True,True,1220,50,18,28,4,0,0,50,70,13,65,inf_pik,60
rom_macedon,True,Gre_Foot_Companions,True,True,1220,50,18,28,4,0,0,50,70,13,65,inf_pik,60
rom_macedon,False,Gre_Giant_Ballista,True,False,730,9,18,24,4,0,0,14,40,6,10,art_fix,45
rom_macedon,False,Gre_Hoplites,True,True,650,34,18,26,6,0,15,57,55,21,80,inf_spr,60
rom_macedon,False,Gre_Javelinmen,True,True,220,8,18,24,4,0,0,37,25,3,15,inf_mis,45
rom_macedon,False,Gre_Large_Onager,True,False,1790,9,18,24,4,0,0,14,40,6,10,art_fld,45
rom_macedon,False,Gre_Levy_Pike,True,True,450,30,18,20,4,0,0,20,35,4,60,inf_pik,45
rom_macedon,False,Gre_Light_Peltasts,True,True,460,18,18,24,4,0,0,40,50,10,40,inf_mis,50
rom_macedon,False,Gre_Militia_Hoplites,True,True,300,21,18,26,6,0,15,53,45,15,55,inf_spr,55
rom_macedon,False,Gre_Onager,True,False,1580,9,18,24,4,0,0,14,40,6,10,art_fld,45
rom_macedon,False,Gre_Peltasts,True,True,420,18,18,24,4,0,0,40,35,10,65,inf_mis,50
rom_macedon,False,Gre_Pike,True,True,600,34,18,24,4,0,0,30,45,7,65,inf_pik,55
rom_macedon,False,Gre_Polybolos,True,True,620,9,18,24,4,0,0,14,35,6,10,art_fix,45
rom_macedon,False,Gre_Royal_Peltasts,True,True,1280,62,18,38,8,0,0,49,70,21,80,inf_mel,60
rom_macedon,True,Gre_Royal_Peltasts,True,True,1280,62,18,38,8,0,0,49,70,21,80,inf_mel,60
rom_macedon,False,Gre_Sarissa_Cav,True,True,400,34,18,25,11,0,10,14,35,51,10,cav_shk,70
rom_macedon,False,Gre_Shield_Bearers,True,True,1160,41,18,29,5,0,20,57,70,28,115,inf_spr,65
rom_macedon,True,Gre_Shield_Bearers,True,True,1160,41,18,29,5,0,20,57,70,28,115,inf_spr,65
rom_macedon,False,Gre_Skirm_Cav,True,True,340,9,18,24,4,0,0,38,35,4,15,cav_mis,70
rom_macedon,False,Gre_Slingers,True,True,270,8,18,24,4,0,0,22,25,3,20,inf_mis,45
rom_macedon,False,Gre_Tarantine_Cav,True,True,560,18,18,24,4,0,0,36,50,11,60,cav_mis,80
rom_macedon,False,Gre_Thessalian_Cav,True,True,740,40,18,25,11,0,10,15,65,67,35,cav_shk,90
rom_macedon,False,Gre_Thorax_Pike,True,True,740,40,18,24,4,0,0,40,55,9,70,inf_pik,55
rom_macedon,False,Gre_Thorax_Sword,True,True,710,38,18,34,4,0,0,57,55,18,75,inf_mel,60
rom_macedon,False,Gre_Thureos_Spears,True,True,540,24,18,25,5,0,20,55,50,26,70,inf_spr,50
rom_macedon,False,Mer_Gre_Cretan_Archers,True,True,600,12,18,24,4,0,0,24,55,6,40,inf_mis,55
rom_macedon,False,Mer_Gre_Rhodian_Slingers,True,True,600,12,18,24,4,0,0,24,55,6,20,inf_mis,55
rom_macedon,False,Mer_Thr_Cav,True,True,450,14,18,24,4,0,0,33,35,10,40,cav_mis,75
rom_macedon,False,Mer_Thr_Peltasts,True,True,480,28,18,35,10,0,0,40,45,12,15,inf_mis,55
rom_athens,False,Gre_Archers,True,True,250,8,19,24,4,0,0,12,25,3,10,inf_mis,45
rom_athens,False,Gre_Ballista,True,False,1560,9,19,24,4,0,0,14,40,6,10,art_fld,45
rom_athens,False,Gre_Beehive_Onager,True,False,1580,9,19,24,4,0,0,14,40,6,10,art_fld,45
rom_athens,False,Gre_Cheiroballistra,True,True,520,9,19,24,4,0,0,14,35,6,10,art_fld,45
rom_athens,False,Gre_Citizen_Cav,True,True,540,37,19,26,6,0,10,28,45,28,70,cav_mel,75
rom_athens,False,Gre_Giant_Ballista,True,False,730,9,19,24,4,0,0,14,40,6,10,art_fix,45
rom_athens,False,Gre_Hippeus_Lancers,True,True,1070,44,19,25,11,0,10,15,65,57,60,cav_shk,100
rom_athens,True,Gre_Hippeus_Lancers,True,True,1070,44,19,25,11,0,10,15,65,57,60,cav_shk,100
rom_athens,False,Gre_Hoplites,True,True,650,34,19,26,6,0,15,57,55,21,80,inf_spr,60
rom_athens,False,Gre_Javelinmen,True,True,220,8,19,24,4,0,0,37,25,3,15,inf_mis,45
rom_athens,False,Gre_Large_Onager,True,False,1790,9,19,24,4,0,0,14,40,6,10,art_fld,45
rom_athens,False,Gre_Light_Hoplites,True,True,440,23,19,26,6,0,15,45,40,18,65,inf_spr,55
rom_athens,False,Gre_Light_Peltasts,True,True,460,18,19,24,4,0,0,40,50,10,40,inf_mis,50
rom_athens,False,Gre_Militia_Hoplites,True,True,300,21,19,26,6,0,15,53,45,15,55,inf_spr,55
rom_athens,False,Gre_Onager,True,False,1580,9,19,24,4,0,0,14,40,6,10,art_fld,45
rom_athens,False,Gre_Peltasts,True,True,420,18,19,24,4,0,0,40,35,10,65,inf_mis,50
rom_athens,False,Gre_Picked_Hoplites,True,True,1200,42,19,30,8,0,15,61,75,25,105,inf_spr,65
rom_athens,True,Gre_Picked_Hoplites,True,True,1200,42,19,30,8,0,15,61,75,25,105,inf_spr,65
rom_athens,False,Gre_Pike,True,True,600,34,19,24,4,0,0,30,45,7,65,inf_pik,55
rom_athens,False,Gre_Polybolos,True,True,620,9,19,24,4,0,0,14,35,6,10,art_fix,45
rom_athens,False,Gre_Skirm_Cav,True,True,340,9,19,24,4,0,0,38,35,4,15,cav_mis,70
rom_athens,False,Gre_Slingers,True,True,270,8,19,24,4,0,0,22,25,3,20,inf_mis,45
rom_athens,False,Gre_Tarantine_Cav,True,True,560,18,19,24,4,0,0,36,50,11,60,cav_mis,80
rom_athens,False,Gre_Thorax_Hoplites,True,True,710,34,19,30,8,0,15,59,65,22,90,inf_spr,60
rom_athens,True,Gre_Thorax_Hoplites,True,True,710,34,19,30,8,0,15,59,65,22,90,inf_spr,60
rom_athens,False,Gre_Thorax_Sword,True,True,710,38,19,34,4,0,0,57,55,18,75,inf_mel,60
rom_athens,False,Gre_Thureos_Hoplites,True,True,620,34,19,26,6,0,15,49,55,24,80,inf_spr,55
rom_athens,False,Gre_Thureos_Spears,True,True,540,24,19,25,5,0,20,55,50,26,70,inf_spr,50
rom_athens,False,Mer_Gre_Cretan_Archers,True,True,600,12,19,24,4,0,0,24,55,6,40,inf_mis,55
rom_athens,False,Mer_Gre_Rhodian_Slingers,True,True,600,12,19,24,4,0,0,24,55,6,20,inf_mis,55
rom_athens,False,Mer_Gre_Vet_Hoplites,True,True,840,35,19,30,8,0,15,59,65,25,105,inf_spr,65
rom_athens,False,Mer_Thr_Peltasts,True,True,480,28,19,35,10,0,0,40,45,12,15,inf_mis,55
rom_syracuse,False,Gre_Archers,True,True,250,8,20,24,4,0,0,12,25,3,10,inf_mis,45
rom_syracuse,False,Gre_Ballista,True,False,1560,9,20,24,4,0,0,14,40,6,10,art_fld,45
rom_syracuse,False,Gre_Beehive_Onager,True,False,1580,9,20,24,4,0,0,14,40,6,10,art_fld,45
rom_syracuse,False,Gre_Cheiroballistra,True,True,520,9,20,24,4,0,0,14,35,6,10,art_fld,45
rom_syracuse,False,Gre_Citizen_Cav,True,True,540,37,20,26,6,0,10,28,45,28,70,cav_mel,75
rom_syracuse,False,Gre_Giant_Ballista,True,False,730,9,20,24,4,0,0,14,40,6,10,art_fix,45
rom_syracuse,False,Gre_Hippeus_Lancers,True,True,1070,44,20,25,11,0,10,15,65,57,60,cav_shk,100
rom_syracuse,True,Gre_Hippeus_Lancers,True,True,1070,44,20,25,11,0,10,15,65,57,60,cav_shk,100
rom_syracuse,False,Gre_Hoplites,True,True,650,34,20,26,6,0,15,57,55,21,80,inf_spr,60
rom_syracuse,False,Gre_Javelinmen,True,True,220,8,20,24,4,0,0,37,25,3,15,inf_mis,45
rom_syracuse,False,Gre_Large_Onager,True,False,1790,9,20,24,4,0,0,14,40,6,10,art_fld,45
rom_syracuse,False,Gre_Light_Hoplites,True,True,440,23,20,26,6,0,15,45,40,18,65,inf_spr,55
rom_syracuse,False,Gre_Light_Peltasts,True,True,460,18,20,24,4,0,0,40,50,10,40,inf_mis,50
rom_syracuse,False,Gre_Militia_Hoplites,True,True,300,21,20,26,6,0,15,53,45,15,55,inf_spr,55
rom_syracuse,False,Gre_Onager,True,False,1580,9,20,24,4,0,0,14,40,6,10,art_fld,45
rom_syracuse,False,Gre_Peltasts,True,True,420,18,20,24,4,0,0,40,35,10,65,inf_mis,50
rom_syracuse,False,Gre_Picked_Hoplites,True,True,1200,42,20,30,8,0,15,61,75,25,105,inf_spr,65
rom_syracuse,True,Gre_Picked_Hoplites,True,True,1200,42,20,30,8,0,15,61,75,25,105,inf_spr,65
rom_syracuse,False,Gre_Pike,True,True,600,34,20,24,4,0,0,30,45,7,65,inf_pik,55
rom_syracuse,False,Gre_Polybolos,True,True,620,9,20,24,4,0,0,14,35,6,10,art_fix,45
rom_syracuse,False,Gre_Skirm_Cav,True,True,340,9,20,24,4,0,0,38,35,4,15,cav_mis,70
rom_syracuse,False,Gre_Slingers,True,True,270,8,20,24,4,0,0,22,25,3,20,inf_mis,45
rom_syracuse,False,Gre_Tarantine_Cav,True,True,560,18,20,24,4,0,0,36,50,11,60,cav_mis,80
rom_syracuse,False,Gre_Thorax_Hoplites,True,True,710,34,20,30,8,0,15,59,65,22,90,inf_spr,60
rom_syracuse,True,Gre_Thorax_Hoplites,True,True,710,34,20,30,8,0,15,59,65,22,90,inf_spr,60
rom_syracuse,False,Gre_Thorax_Sword,True,True,710,38,20,34,4,0,0,57,55,18,75,inf_mel,60
rom_syracuse,False,Gre_Thureos_Hoplites,True,True,620,34,20,26,6,0,15,49,55,24,80,inf_spr,55
rom_syracuse,False,Gre_Thureos_Spears,True,True,540,24,20,25,5,0,20,55,50,26,70,inf_spr,50
rom_syracuse,False,Mer_Gre_Vet_Hoplites,True,True,840,35,20,30,8,0,15,59,65,25,105,inf_spr,65
rom_syracuse,False,Mer_Ibe_Balearic_Slingers,True,True,560,10,20,24,4,0,0,38,45,4,25,inf_mis,50
rom_syracuse,False,Mer_Ita_Campanian_Cavalry,True,True,1290,69,20,41,5,0,0,30,70,33,90,cav_mel,100
rom_syracuse,False,Mer_Ita_Etruscan_Hoplites,True,True,750,32,20,29,5,0,20,57,55,20,80,inf_spr,60
rom_syracuse,False,Mer_Ita_Samnite_Warriors,True,True,760,36,20,34,4,0,0,55,55,25,95,inf_mel,65
rom_ardiaei,False,Gre_Ballista,True,False,1560,9,21,24,4,0,0,14,40,6,10,art_fld,45
rom_ardiaei,False,Gre_Cheiroballistra,True,True,520,9,21,24,4,0,0,14,35,6,10,art_fld,45
rom_ardiaei,False,Gre_Onager,True,False,1580,9,21,24,4,0,0,14,40,6,10,art_fld,45
rom_ardiaei,False,Ill_Cav,True,True,420,28,21,25,5,0,15,35,35,30,55,cav_mel,75
rom_ardiaei,False,Ill_Hoplites,True,True,640,32,21,26,6,0,15,49,55,20,105,inf_spr,60
rom_ardiaei,False,Ill_Levies,True,True,270,28,21,26,10,0,0,37,40,14,45,inf_mel,45
rom_ardiaei,False,Ill_Marines,True,True,550,36,21,25,5,0,20,55,55,22,65,inf_spr,50
rom_ardiaei,False,Ill_Noble_Hoplites,True,True,1060,38,21,30,8,0,15,53,70,30,115,inf_spr,65
rom_ardiaei,True,Ill_Noble_Hoplites,True,True,1060,38,21,30,8,0,15,53,70,30,115,inf_spr,65
rom_ardiaei,False,Ill_Raiders,True,True,400,34,21,26,10,0,0,40,55,16,60,inf_mel,45
rom_ardiaei,False,Ill_Slave_Javelinmen,True,True,220,8,21,24,4,0,0,37,25,3,15,inf_mis,45
rom_ardiaei,False,Ill_Slave_Slingers,True,True,240,8,21,24,4,0,0,37,25,3,15,inf_mis,45
rom_ardiaei,False,Ill_Spear,True,True,200,13,21,20,5,0,30,54,30,11,45,inf_spr,45
rom_ardiaei,False,Ill_Thureos_Spears,True,True,360,20,21,25,5,0,20,51,40,22,65,inf_spr,50
rom_ardiaei,False,Mer_Cel_Axe_Warriors,True,True,470,35,21,26,10,0,0,50,55,20,65,inf_mel,55
rom_ardiaei,False,Mer_Cel_Warriors,True,True,350,27,21,40,4,0,0,50,40,25,45,inf_mel,55
rom_ardiaei,False,Mer_Gre_Hoplites,True,True,650,34,21,26,6,0,15,57,55,21,75,inf_spr,60
rom_ardiaei,False,Mer_Gre_Peltasts,True,True,420,18,21,24,4,0,0,40,35,10,65,inf_mis,50
rom_sparta,False,Gre_Ballista,True,False,1560,9,22,24,4,0,0,14,40,6,10,art_fld,45
rom_sparta,False,Gre_Beehive_Onager,True,False,1580,9,22,24,4,0,0,14,40,6,10,art_fld,45
rom_sparta,False,Gre_Cheiroballistra,True,True,520,9,22,24,4,0,0,14,35,6,10,art_fld,45
rom_sparta,False,Gre_Citizen_Cav,True,True,540,37,22,26,6,0,10,28,45,28,70,cav_mel,75
rom_sparta,False,Gre_Giant_Ballista,True,False,730,9,22,24,4,0,0,14,40,6,10,art_fix,45
rom_sparta,False,Gre_Gorgos_Skirmishers,True,True,360,8,22,24,4,0,0,12,35,3,20,inf_mis,50
rom_sparta,False,Gre_Helot_Archers,True,True,250,8,22,24,4,0,0,12,25,3,10,inf_mis,45
rom_sparta,False,Gre_Helot_Javelinmen,True,True,220,8,22,24,4,0,0,37,25,3,15,inf_mis,45
rom_sparta,False,Gre_Helot_Slingers,True,True,270,8,22,24,4,0,0,37,25,3,15,inf_mis,45
rom_sparta,False,Gre_Heroes_Sparta,True,True,950,48,22,29,5,0,20,65,75,33,105,inf_spr,70
rom_sparta,True,Gre_Heroes_Sparta,True,True,950,48,22,29,5,0,20,65,75,33,105,inf_spr,70
rom_sparta,False,Gre_Large_Onager,True,False,1790,9,22,24,4,0,0,14,40,6,10,art_fld,45
rom_sparta,False,Gre_Onager,True,False,1580,9,22,24,4,0,0,14,40,6,10,art_fld,45
rom_sparta,False,Gre_Periokoi_Hoplites,True,True,510,24,22,26,6,0,15,50,45,14,75,inf_spr,60
rom_sparta,False,Gre_Periokoi_Peltasts,True,True,420,18,22,24,4,0,0,40,35,10,60,inf_mis,50
rom_sparta,False,Gre_Periokoi_Pike,True,True,510,34,22,24,4,0,0,27,45,7,60,inf_pik,50
rom_sparta,False,Gre_Periokoi_Spears,True,True,400,20,22,25,5,0,20,50,40,20,65,inf_spr,50
rom_sparta,False,Gre_Polybolos,True,True,620,9,22,24,4,0,0,14,35,6,10,art_fix,45
rom_sparta,False,Gre_Royal_Spartans,True,True,1250,44,22,30,8,0,15,67,75,28,105,inf_spr,70
rom_sparta,True,Gre_Royal_Spartans,True,True,1250,44,22,30,8,0,15,67,75,28,105,inf_spr,70
rom_sparta,False,Gre_Skirm_Cav,True,True,340,9,22,24,4,0,0,38,35,4,15,cav_mis,70
rom_sparta,False,Gre_Spartan_Hoplites,True,True,700,36,22,26,6,0,15,65,65,26,80,inf_spr,65
rom_sparta,False,Gre_Spartan_Pike,True,True,720,42,22,24,4,0,0,35,60,9,65,inf_pik,70
rom_sparta,False,Gre_Spartan_Youths,True,True,280,18,22,26,6,0,15,41,40,18,55,inf_spr,50
rom_sparta,False,Gre_Tarantine_Cav,True,True,560,18,22,24,4,0,0,36,50,11,60,cav_mis,80
rom_sparta,False,Mer_Gre_Cretan_Archers,True,True,600,12,22,24,4,0,0,24,55,6,40,inf_mis,55
rom_sparta,False,Mer_Gre_Rhodian_Slingers,True,True,600,12,22,24,4,0,0,24,55,6,20,inf_mis,55
rom_arevaci,False,Ibe_Balearic_Slingers,True,True,560,10,23,24,4,0,0,38,45,4,25,inf_mis,50
rom_arevaci,False,Ibe_Ballista,True,False,1560,9,23,24,4,0,0,14,35,6,10,art_fld,45
rom_arevaci,False,Ibe_Cantabrian_Cav,True,True,500,12,23,24,4,0,0,54,55,6,15,cav_mis,80
rom_arevaci,False,Ibe_Cav,True,True,500,50,23,39,5,0,0,50,40,31,15,cav_mel,75
rom_arevaci,False,Ibe_Celtiberian_Cav,True,True,650,38,23,25,5,0,15,44,55,42,55,cav_mel,80
rom_arevaci,False,Ibe_Cheiroballistra,True,True,520,9,23,24,4,0,0,14,35,6,10,art_fld,45
rom_arevaci,False,Ibe_Giant_Ballista,True,False,730,9,23,24,4,0,0,14,35,6,10,art_fix,45
rom_arevaci,False,Ibe_Guerilla_Warriors,True,True,650,42,23,35,5,0,0,65,50,27,15,inf_mel,55
rom_arevaci,False,Ibe_Large_Onager,True,False,1790,9,23,24,4,0,0,14,35,6,10,art_fld,45
rom_arevaci,False,Ibe_Noble_Cav,True,True,1280,53,23,29,5,0,15,42,70,46,70,cav_mel,105
rom_arevaci,True,Ibe_Noble_Cav,True,True,1280,53,23,29,5,0,15,42,70,46,70,cav_mel,105
rom_arevaci,False,Ibe_Noble_Fighters,True,True,1380,56,23,41,5,0,0,62,70,38,75,inf_mel,65
rom_arevaci,True,Ibe_Noble_Fighters,True,True,1380,56,23,41,5,0,0,62,70,38,75,inf_mel,65
rom_arevaci,False,Ibe_Onager,True,False,1580,9,23,24,4,0,0,14,35,6,10,art_fld,45
rom_arevaci,False,Ibe_Painted_Warriors,True,True,640,42,23,35,5,0,0,50,60,32,45,inf_mel,55
rom_arevaci,False,Ibe_Scorpion,True,True,490,9,23,24,4,0,0,14,35,6,10,art_fix,45
rom_arevaci,False,Ibe_Scut_Spear,True,True,500,23,23,25,5,0,20,58,50,18,60,inf_spr,55
rom_arevaci,False,Ibe_Scutarii,True,True,620,42,23,35,5,0,0,60,50,21,60,inf_mel,55
rom_arevaci,False,Ibe_Skirm,True,True,290,8,23,24,4,0,0,37,25,3,25,inf_mis,45
rom_arevaci,False,Ibe_Slingers,True,True,280,8,23,24,4,0,0,37,25,3,25,inf_mis,45
rom_arevaci,False,Ibe_Spear,True,True,200,14,23,20,5,0,30,64,30,10,15,inf_spr,50
rom_arevaci,False,Ibe_Sword,True,True,320,35,23,35,5,0,0,60,40,20,15,inf_mel,50
rom_lusitani,False,Ibe_Balearic_Slingers,True,True,560,10,24,24,4,0,0,38,45,4,25,inf_mis,50
rom_lusitani,False,Ibe_Ballista,True,False,1560,9,24,24,4,0,0,14,35,6,10,art_fld,45
rom_lusitani,False,Ibe_Cantabrian_Cav,True,True,500,12,24,24,4,0,0,54,55,6,15,cav_mis,80
rom_lusitani,False,Ibe_Cav,True,True,500,50,24,39,5,0,0,50,40,31,15,cav_mel,75
rom_lusitani,False,Ibe_Cheiroballistra,True,True,520,9,24,24,4,0,0,14,35,6,10,art_fld,45
rom_lusitani,False,Ibe_Giant_Ballista,True,False,730,9,24,24,4,0,0,14,35,6,10,art_fix,45
rom_lusitani,False,Ibe_Guerilla_Warriors,True,True,650,42,24,35,5,0,0,65,50,27,15,inf_mel,55
rom_lusitani,False,Ibe_Large_Onager,True,False,1790,9,24,24,4,0,0,14,35,6,10,art_fld,45
rom_lusitani,False,Ibe_Lusitani_Guerillas,True,True,400,18,24,25,5,0,20,68,45,12,15,inf_spr,50
rom_lusitani,False,Ibe_Lusitani_Nobles,True,True,1200,64,24,38,8,0,0,77,70,32,45,inf_mel,65
rom_lusitani,True,Ibe_Lusitani_Nobles,True,True,1200,64,24,38,8,0,0,77,70,32,45,inf_mel,65
rom_lusitani,False,Ibe_Lusitani_Spear,True,True,700,32,24,29,5,0,20,70,65,25,55,inf_spr,55
rom_lusitani,False,Ibe_Lusitani_Swordswomen,True,True,360,40,24,35,5,0,0,55,55,10,15,inf_mel,45
rom_lusitani,False,Ibe_Onager,True,False,1580,9,24,24,4,0,0,14,35,6,10,art_fld,45
rom_lusitani,False,Ibe_Scorpion,True,True,490,9,24,24,4,0,0,14,35,6,10,art_fix,45
rom_lusitani,False,Ibe_Scut_Spear,True,True,500,23,24,25,5,0,20,58,50,18,60,inf_spr,55
rom_lusitani,False,Ibe_Scutarii_Cav,True,True,680,42,24,25,5,0,15,44,55,37,55,cav_mel,80
rom_lusitani,False,Ibe_Skirm,True,True,290,8,24,24,4,0,0,37,25,3,25,inf_mis,45
rom_lusitani,False,Ibe_Slingers,True,True,280,8,24,24,4,0,0,37,25,3,25,inf_mis,45
rom_lusitani,False,Ibe_Sword,True,True,320,35,24,35,5,0,0,60,40,20,15,inf_mel,50
rom_lusitani,False,Ibe_Vet_Shield_Warriors,True,True,700,50,24,38,8,0,0,75,65,30,30,inf_mel,55
rom_massagetae,False,Ste_Armour_Horse_Archers,True,True,580,37,25,34,4,0,0,15,45,15,35,cav_mis,75
rom_massagetae,False,Ste_Armoured_Lancers,True,True,550,40,25,25,11,0,10,16,50,57,35,cav_shk,85
rom_massagetae,False,Ste_Ballista,True,False,1480,9,25,24,4,0,0,14,35,6,10,art_fld,45
rom_massagetae,False,Ste_Horse_Archers,True,True,360,9,25,24,4,0,0,13,30,4,10,cav_mis,70
rom_massagetae,False,Ste_Horse_Skirm,True,True,390,9,25,24,4,0,0,13,30,4,10,cav_mis,75
rom_massagetae,False,Ste_Lancers,True,True,340,34,25,25,11,0,10,16,35,51,10,cav_shk,70
rom_massagetae,False,Ste_Noble_Horse_Archers,True,True,790,49,25,34,4,0,0,16,60,16,40,cav_mis,85
rom_massagetae,True,Ste_Noble_Horse_Archers,True,True,790,49,25,34,4,0,0,16,60,16,40,cav_mis,85
rom_massagetae,False,Ste_Noble_Lancers,True,True,750,46,25,25,11,0,10,21,60,76,40,cav_shk,95
rom_massagetae,False,Ste_Saka_Cataphract_Horse_Archers,True,True,950,53,25,34,4,0,0,18,70,18,90,cav_mis,95
rom_massagetae,True,Ste_Saka_Cataphract_Horse_Archers,True,True,950,53,25,34,4,0,0,18,70,18,90,cav_mis,95
rom_massagetae,False,Ste_Saka_Cataphracts,True,True,1190,45,25,27,12,0,10,25,70,68,90,cav_shk,120
rom_massagetae,True,Ste_Saka_Cataphracts,True,True,1190,45,25,27,12,0,10,25,70,68,90,cav_shk,120
rom_massagetae,False,Ste_Saka_Noble_Armour_Lancers,True,True,1250,55,25,27,12,0,10,23,65,63,90,cav_shk,100
rom_massagetae,True,Ste_Saka_Noble_Armour_Lancers,True,True,1250,55,25,27,12,0,10,23,65,63,90,cav_shk,100
rom_roxolani,False,Ste_Armour_Horse_Archers,True,True,580,37,26,34,4,0,0,15,45,15,35,cav_mis,75
rom_roxolani,False,Ste_Armoured_Lancers,True,True,550,40,26,25,11,0,10,16,50,57,35,cav_shk,85
rom_roxolani,False,Ste_Ballista,True,False,1480,9,26,24,4,0,0,14,35,6,10,art_fld,45
rom_roxolani,False,Ste_Horse_Archers,True,True,360,9,26,24,4,0,0,13,30,4,10,cav_mis,70
rom_roxolani,False,Ste_Lancers,True,True,340,34,26,25,11,0,10,16,35,51,10,cav_shk,70
rom_roxolani,False,Ste_Noble_Horse_Archers,True,True,790,49,26,34,4,0,0,16,60,16,40,cav_mis,85
rom_roxolani,True,Ste_Noble_Horse_Archers,True,True,790,49,26,34,4,0,0,16,60,16,40,cav_mis,85
rom_roxolani,False,Ste_Noble_Lancers,True,True,750,46,26,25,11,0,10,21,60,76,40,cav_shk,95
rom_roxolani,False,Ste_Sarmatian_Horsemen,True,True,660,48,26,27,7,0,10,57,55,38,45,cav_mel,90
rom_roxolani,False,Ste_Sarmatian_Riders,True,True,340,39,26,27,7,0,10,51,45,33,15,cav_mel,75
rom_roxolani,False,Ste_Sarmatian_Royal_Lancers,True,True,1150,46,26,27,12,0,10,21,70,80,60,cav_shk,100
rom_roxolani,True,Ste_Sarmatian_Royal_Lancers,True,True,1150,46,26,27,12,0,10,21,70,80,60,cav_shk,100
rom_scythia,False,Ste_Amazonian_Riders,True,True,400,7,27,24,4,0,0,2,40,4,10,cav_mis,65
rom_scythia,False,Ste_Armour_Horse_Archers,True,True,580,37,27,34,4,0,0,15,45,15,35,cav_mis,75
rom_scythia,False,Ste_Armoured_Lancers,True,True,550,40,27,25,11,0,10,16,50,57,35,cav_shk,85
rom_scythia,False,Ste_Ballista,True,False,1480,9,27,24,4,0,0,14,35,6,10,art_fld,45
rom_scythia,False,Ste_Horse_Archers,True,True,360,9,27,24,4,0,0,13,30,4,10,cav_mis,70
rom_scythia,False,Ste_Horse_Skirm,True,True,390,9,27,24,4,0,0,13,30,4,10,cav_mis,75
rom_scythia,False,Ste_Noble_Horse_Archers,True,True,790,49,27,34,4,0,0,16,60,16,40,cav_mis,85
rom_scythia,False,Ste_Noble_Lancers,True,True,750,46,27,25,11,0,10,21,60,76,40,cav_shk,95
rom_scythia,False,Ste_Noblewomen,True,True,600,30,27,34,4,0,0,3,60,15,35,cav_mis,70
rom_scythia,False,Ste_Royal_Horse_Archers,True,True,1000,60,27,34,4,0,0,22,70,19,60,cav_mis,95
rom_scythia,True,Ste_Royal_Horse_Archers,True,True,1000,60,27,34,4,0,0,22,70,19,60,cav_mis,95
rom_scythia,False,Ste_Scythian_Royal_Horse,True,True,1200,49,27,29,5,0,15,38,70,43,95,cav_mel,105
rom_scythia,True,Ste_Scythian_Royal_Horse,True,True,1200,49,27,29,5,0,15,38,70,43,95,cav_mel,105
rom_scythia,False,Ste_Scythian_Royal_Skirmishers,True,True,1070,52,27,34,4,0,0,54,70,31,45,cav_mis,100
rom_scythia,True,Ste_Scythian_Royal_Skirmishers,True,True,1070,52,27,34,4,0,0,54,70,31,45,cav_mis,100
